[
  {
    "id": "b3778a80-4f07-40f2-8098-82ba1cb53cfa",
    "time": "2025-12-15T04:51:15.648457+00:00",
    "score": 4,
    "daily": null
  },
  {
    "id": "aea1b53c-7974-4bcd-9d89-795635e020d8",
    "time": "2025-12-16T02:05:20.481645+00:00",
    "score": 3,
    "daily": null
  },
  {
    "id": "b3d4d60a-3ba0-4242-9dd8-f8c57034f687",
    "time": "2025-12-16T02:21:07.836199+00:00",
    "score": 2,
    "daily": null
  },
  {
    "id": "5ca1a55c-6089-429b-ae34-151a3665666d",
    "time": "2025-12-16T02:25:12.518570+00:00",
    "score": 7,
    "daily": null
  },
  {
    "id": "567b4505-5670-4215-8d95-4546dc7199e3",
    "time": "2025-12-16T02:26:37.130811+00:00",
    "score": 0,
    "daily": 4
  },
  {
    "id": "02beb082-9670-4355-a462-ddcde735c540",
    "time": "2025-12-18T17:07:35.739477",
    "score": 0,
    "daily": 0
  },
  {
    "id": "f90a4a91-0683-4887-b402-8ac14f92225b",
    "time": "2025-12-18T17:08:30.182733",
    "score": 0,
    "daily": 1
  },
  {
    "id": "7952fc48-0fef-4c6f-961b-d31bdb757a94",
    "time": "2025-12-18T17:28:12.276787",
    "score": 4,
    "daily": 4,
    "is_daily": true,
    "package": "ppu",
    "level": null,
    "total_questions": 5,
    "all_ids": [
      "ppu-020",
      "ppu-009",
      "ppu-005",
      "ppu-001",
      "ppu-030"
    ]
  },
  {
    "id": "1dacbde4-aadd-4c8a-8825-6a0f59c0c059",
    "time": "2025-12-18T17:43:04.641287",
    "score": 1,
    "daily": null,
    "is_daily": false,
    "package": "ppu",
    "level": "hard",
    "total_questions": 8,
    "all_ids": [
      "ppu-021",
      "ppu-022",
      "ppu-025",
      "ppu-029",
      "ppu-028",
      "ppu-026",
      "ppu-027",
      "ppu-024"
    ]
  },
  {
    "id": "74f3b3dc-4131-4c96-a49b-7124079c770b",
    "time": "2025-12-18T17:47:08.223838",
    "score": 0,
    "daily": null,
    "is_daily": false,
    "package": "pm",
    "level": "medium",
    "total_questions": 8,
    "all_ids": [
      "pm-017",
      "pm-015",
      "pm-014",
      "pm-013",
      "pm-021",
      "pm-018",
      "pm-022",
      "pm-025"
    ]
  },
  {
    "id": "38d0f9c1-a0c6-4a1d-ab1d-4044f26dd9f2",
    "time": "2025-12-18T17:47:40.291147",
    "score": 0,
    "daily": 0,
    "is_daily": true,
    "package": "ppu",
    "level": null,
    "total_questions": 5,
    "all_ids": [
      "ppu-023",
      "ppu-020",
      "ppu-011",
      "ppu-003",
      "ppu-007"
    ]
  },
  {
    "id": "eccaea19-b336-4898-afb1-3f0ff9b98556",
    "time": "2025-12-18T17:48:28.639655",
    "score": 8,
    "daily": 8,
    "is_daily": true,
    "package": "pu",
    "level": null,
    "total_questions": 5,
    "all_ids": [
      "pu-028",
      "pu-018",
      "pu-014",
      "pu-006",
      "pu-007"
    ]
  }
]